{
  "lat_norm": 0.14460137486457825,
  "hist_360min": 0.10998339205980301,
  "lon_norm": 0.0830613300204277,
  "neigh_r2": 0.082138292491436,
  "cos_month": 0.0799536257982254,
  "dist_coast": 0.07961522787809372,
  "sin_month": 0.07635895907878876,
  "lag1_neigh_r2": 0.06566714495420456,
  "land_sea": 0.05347174033522606,
  "decay": 0.04741618037223816,
  "topo_proxy": 0.04539775475859642,
  "cos_hour": 0.031082505360245705,
  "sin_hour": 0.0288549792021513,
  "hist_240min": 0.019186630845069885,
  "hist_120min": 0.01320458110421896,
  "hist_40min": 0.00907999649643898,
  "neigh_r1": 0.008605675771832466,
  "lag1_neigh_r1": 0.006709355395287275,
  "hist_20min": 0.006404758431017399,
  "hist_10min": 0.00462282495573163,
  "persist_ratio": 0.004583704750984907
}