{
  "neigh_r2": 0.4239625930786133,
  "lag1_neigh_r2": 0.1850730925798416,
  "hist_360min": 0.08249501883983612,
  "neigh_r1": 0.08248962461948395,
  "lat_norm": 0.031235694885253906,
  "dist_coast": 0.022003479301929474,
  "sin_month": 0.02106585167348385,
  "decay": 0.02065848931670189,
  "cos_month": 0.020230848342180252,
  "lon_norm": 0.02013249136507511,
  "lag1_neigh_r1": 0.013756055384874344,
  "topo_proxy": 0.01305603887885809,
  "land_sea": 0.011163824237883091,
  "persist_ratio": 0.010785460472106934,
  "cos_hour": 0.009643400087952614,
  "sin_hour": 0.008420871570706367,
  "hist_240min": 0.008397242985665798,
  "hist_20min": 0.004059735219925642,
  "hist_40min": 0.004013722762465477,
  "hist_120min": 0.0039518652483820915,
  "hist_10min": 0.0034047462977468967
}