{
  "neigh_r2": 0.4201376140117645,
  "lag1_neigh_r2": 0.14163008332252502,
  "hist_360min": 0.09060513973236084,
  "lat_norm": 0.04882993921637535,
  "sin_month": 0.04135208949446678,
  "cos_month": 0.03577294200658798,
  "dist_coast": 0.034403517842292786,
  "lon_norm": 0.034348953515291214,
  "decay": 0.026176847517490387,
  "topo_proxy": 0.020545942708849907,
  "land_sea": 0.019093679264187813,
  "cos_hour": 0.017420321702957153,
  "neigh_r1": 0.016825547441840172,
  "sin_hour": 0.014623938128352165,
  "hist_240min": 0.013303179293870926,
  "hist_120min": 0.005824302788823843,
  "lag1_neigh_r1": 0.005732299294322729,
  "hist_40min": 0.004636512603610754,
  "hist_20min": 0.0034462749026715755,
  "hist_10min": 0.0027047216426581144,
  "persist_ratio": 0.002586144721135497
}