{
  "lat_norm": 0.14861829578876495,
  "hist_360min": 0.10026388615369797,
  "cos_month": 0.09080997854471207,
  "lon_norm": 0.08830802142620087,
  "dist_coast": 0.08238828927278519,
  "neigh_r2": 0.07798496633768082,
  "sin_month": 0.07723452150821686,
  "lag1_neigh_r2": 0.06804577261209488,
  "land_sea": 0.05319715663790703,
  "topo_proxy": 0.047825492918491364,
  "decay": 0.03375904634594917,
  "cos_hour": 0.029585979878902435,
  "sin_hour": 0.028969867154955864,
  "hist_240min": 0.018624525517225266,
  "hist_120min": 0.013146324083209038,
  "hist_40min": 0.009827028959989548,
  "neigh_r1": 0.007891107350587845,
  "lag1_neigh_r1": 0.007307799998670816,
  "hist_20min": 0.0065194689668715,
  "hist_10min": 0.004958126228302717,
  "persist_ratio": 0.004734293557703495
}