{
  "lat_norm": 0.13002872467041016,
  "neigh_r2": 0.11596997082233429,
  "hist_360min": 0.10644083470106125,
  "lag1_neigh_r2": 0.0769239217042923,
  "dist_coast": 0.07633373886346817,
  "lon_norm": 0.07627871632575989,
  "sin_month": 0.07551475614309311,
  "cos_month": 0.07192632555961609,
  "decay": 0.05081268399953842,
  "land_sea": 0.04858040437102318,
  "topo_proxy": 0.04070127010345459,
  "cos_hour": 0.03086663968861103,
  "sin_hour": 0.027259858325123787,
  "hist_240min": 0.018237773329019547,
  "hist_120min": 0.012851888313889503,
  "neigh_r1": 0.00897873193025589,
  "hist_40min": 0.008581164292991161,
  "lag1_neigh_r1": 0.007097911089658737,
  "hist_20min": 0.006894716992974281,
  "hist_10min": 0.004992805887013674,
  "persist_ratio": 0.004727199673652649
}