{
  "neigh_r2": 0.271187961101532,
  "hist_360min": 0.15685899555683136,
  "lat_norm": 0.0794185921549797,
  "lag1_neigh_r2": 0.07682306319475174,
  "sin_month": 0.05593055114150047,
  "cos_month": 0.053321994841098785,
  "lon_norm": 0.052926260977983475,
  "dist_coast": 0.05204920470714569,
  "decay": 0.03716486319899559,
  "land_sea": 0.03048524633049965,
  "topo_proxy": 0.030482307076454163,
  "cos_hour": 0.02398074045777321,
  "sin_hour": 0.02110610529780388,
  "hist_240min": 0.0158228799700737,
  "neigh_r1": 0.011034078896045685,
  "hist_120min": 0.008092708885669708,
  "hist_40min": 0.006395988166332245,
  "lag1_neigh_r1": 0.005463301204144955,
  "hist_20min": 0.004539428278803825,
  "hist_10min": 0.003504115389660001,
  "persist_ratio": 0.0034116883762180805
}